{"cameraMode":{"drawMode":0,"name":"Shaded","section":"Shading Mode"},"sceneLighting":false,"audioPlay":false,"sceneViewState":{"m_AlwaysRefresh":false,"showFog":true,"showSkybox":false,"showFlares":true,"showImageEffects":true,"showParticleSystems":true,"showVisualEffectGraphs":true,"m_FxEnabled":true},"in2DMode":false,"pivot":{"x":-1.1920928955078126e-7,"y":1.0227277278900147,"z":0.0014543980360031129},"rotation":{"x":0.00653394078835845,"y":-0.9765932559967041,"z":0.030197318643331529,"w":0.2130555510520935},"size":1.0532423257827759,"orthographic":false}