{"cameraMode":{"drawMode":0,"name":"Shaded","section":"Shading Mode"},"sceneLighting":false,"audioPlay":false,"sceneViewState":{"m_AlwaysRefresh":false,"showFog":true,"showSkybox":false,"showFlares":true,"showImageEffects":true,"showParticleSystems":true,"showVisualEffectGraphs":true,"m_FxEnabled":true},"in2DMode":false,"pivot":{"x":-1.4901161193847657e-8,"y":1.0523488521575928,"z":0.0017846599221229554},"rotation":{"x":0.00653394078835845,"y":-0.9765932559967041,"z":0.030197318643331529,"w":0.2130555510520935},"size":1.082037329673767,"orthographic":false}