{"cameraMode":{"drawMode":0,"name":"Shaded","section":"Shading Mode"},"sceneLighting":true,"audioPlay":false,"sceneViewState":{"m_AlwaysRefresh":false,"showFog":true,"showSkybox":true,"showFlares":true,"showImageEffects":true,"showParticleSystems":true,"showVisualEffectGraphs":true,"m_FxEnabled":true},"in2DMode":false,"pivot":{"x":-2.762186288833618,"y":3.124976873397827,"z":-1.9509971141815186},"rotation":{"x":0.06206616386771202,"y":0.41770920157432558,"z":-0.02861512266099453,"w":0.9060071706771851},"size":5.498701095581055,"orthographic":true}