{"cameraMode":{"drawMode":0,"name":"Shaded","section":"Shading Mode"},"sceneLighting":false,"audioPlay":false,"sceneViewState":{"m_AlwaysRefresh":false,"showFog":true,"showSkybox":false,"showFlares":true,"showImageEffects":true,"showParticleSystems":true,"showVisualEffectGraphs":true,"m_FxEnabled":true},"in2DMode":false,"pivot":{"x":-0.000001430511474609375,"y":-0.0940927267074585,"z":2.384185791015625e-7},"rotation":{"x":0.00653394078835845,"y":-0.9765932559967041,"z":0.030197318643331529,"w":0.2130555510520935},"size":2.5668158531188967,"orthographic":false}